{
  "podcast0": {
    "name": "Joe Rogan Experience",
    "url": "http://podcasts.joerogan.net/",
    "uid": "8gvDLGJR9oXYie2PP1Nl39Y348G3"
  },
  "podcast1": {
    "name": "David Goggins Motherf--cker",
    "url": "https://www.youtube.com/watch?v=bIacYjZHcs4",
    "uid": "8gvDLGJR9oXYie2PP1Nl39Y348G3"
  },
  "podcast2": {
    "name": "Lore",
    "url": "https://www.lorepodcast.com/",
    "uid": "8gvDLGJR9oXYie2PP1Nl39Y348G3"
  },
  "podcast3": {
    "name": "Jocko Podcast",
    "url": "http://jockopodcast.com/",
    "uid": "8gvDLGJR9oXYie2PP1Nl39Y348G3"
  },
  "podcast4": {
    "name": "History on Fire",
    "url": "http://historyonfirepodcast.com/episodes/",
    "uid": "8gvDLGJR9oXYie2PP1Nl39Y348G3"
  },
  "podcast5": {
    "name": "Hardcore History",
    "url": "https://www.dancarlin.com/hardcore-history-series/",
    "uid": "8gvDLGJR9oXYie2PP1Nl39Y348G3"
  },
  "podcast6": {
    "name": "Peter Attia Drive",
    "url": "https://peterattiamd.com/podcast/",
    "uid": "8gvDLGJR9oXYie2PP1Nl39Y348G3"
  },
  "podcast7": {
    "name": "Rich Roll",
    "url": "https://www.richroll.com/",
    "uid": "8gvDLGJR9oXYie2PP1Nl39Y348G3"
    }
  }