{
  "resource0": {
    "name": "Resources?",
    "url": "https://reactjs.org/tutorial/tutorial.html",
    "uid": "8gvDLGJR9oXYie2PP1Nl39Y348G3"
  },
  "resource1": {
    "name": "Resources?",
    "url": "https://reactjs.org/tutorial/tutorial.html",
    "uid": "8gvDLGJR9oXYie2PP1Nl39Y348G3"
  },
  "resource2": {
    "name": "Resources?",
    "url": "https://reactjs.org/tutorial/tutorial.html",
    "uid": "8gvDLGJR9oXYie2PP1Nl39Y348G3"
  },
  "resource3": {
    "name": "Resources?",
    "url": "https://reactjs.org/tutorial/tutorial.html",
    "uid": "8gvDLGJR9oXYie2PP1Nl39Y348G3"
  },
  "resource4": {
    "name": "Resources?",
    "url": "https://reactjs.org/tutorial/tutorial.html",
    "uid": "8gvDLGJR9oXYie2PP1Nl39Y348G3"
  },
  "resource5": {
    "name": "Resources?",
    "url": "https://reactjs.org/tutorial/tutorial.html",
    "uid": "8gvDLGJR9oXYie2PP1Nl39Y348G3"
  },
  "resource6": {
    "name": "Resources?",
    "url": "https://reactjs.org/tutorial/tutorial.html",
    "uid": "8gvDLGJR9oXYie2PP1Nl39Y348G3"
  },
  "resource7": {
    "name": "Resources?",
    "url": "https://reactjs.org/tutorial/tutorial.html",
    "uid": "8gvDLGJR9oXYie2PP1Nl39Y348G3"
    }
  }