 {
    "tutorial0": {
      "name": "Intro to React",
      "url": "https://reactjs.org/tutorial/tutorial.html",
      "uid": "8gvDLGJR9oXYie2PP1Nl39Y348G3"
    },
    "tutorial1": {
      "name": "How to Brew",
      "url": "https://www.homebrewersassociation.org/how-to-brew/",
      "uid": "8gvDLGJR9oXYie2PP1Nl39Y348G3"
    },
    "tutorial2": {
      "name": "Making Moonshine",
      "url": "https://www.instructables.com/id/How-to-make-moonshine/",
      "uid": "8gvDLGJR9oXYie2PP1Nl39Y348G3"
    },
    "tutorial3": {
      "name": "Intro to React",
      "url": "https://reactjs.org/tutorial/tutorial.html",
      "uid": "8gvDLGJR9oXYie2PP1Nl39Y348G3"
    },
    "tutorial4": {
      "name": "Intro to React",
      "url": "https://reactjs.org/tutorial/tutorial.html",
      "uid": "8gvDLGJR9oXYie2PP1Nl39Y348G3"
    },
    "tutorial5": {
      "name": "Intro to React",
      "url": "https://reactjs.org/tutorial/tutorial.html",
      "uid": "8gvDLGJR9oXYie2PP1Nl39Y348G3"
    }
  }